MC Team 26 -01,0,2025-09-04 22:20:14
MC Team 26 -01,0,2025-09-04 22:26:28
MC Team 26 -01,0,2025-09-04 22:28:22
MC Team 26 -01,0,2025-09-04 22:33:27
,0,2025-09-04 22:53:56
MC Team 26 -01,0,2025-09-04 22:57:40
MC Team 26 -01,0,2025-09-04 23:01:12
MC Team 26 -01,0,2025-09-04 23:04:26
,0,2025-09-05 08:59:07
,0,2025-09-05 18:34:55
,0,2025-09-05 18:36:36
,83,2025-09-05 18:39:40
MC Team 26 -01,89,2025-09-05 21:15:42
MC Team 26 -01,68,2025-09-06 09:15:42
MC Team 26 -01,1,2025-09-06 09:23:18
MC Team 26 -01,96,2025-09-06 09:24:33
MC Team 26 -01,0,2025-09-06 14:45:30
MC Team 26 -01,0,2025-09-06 14:48:01
MC Team 26 -01,17,2025-09-06 14:51:02
MC Team 26 -01,56,2025-09-06 14:58:26
MC Team 26 -01,4,2025-09-06 15:02:06
MC Team 26 -01,66,2025-09-06 15:13:20
MC Team 26 -01,12,2025-09-06 15:14:39
MC Team 26 -01,7,2025-09-06 15:16:24
MC Team 26 -01,40,2025-09-06 15:25:19
